output_page,filter_field,filter_value,output_filename
Migration_PerformanceReports_ClickC/Coverpage,Pm_Region,East%20Berkshire,page01_Berkshire
Migration_PerformanceReports_ClickC/Highlights,Pm_Region,East%20Berkshire,page02_Berkshire
Migration_PerformanceReports_ClickC/STIactivity,Pm_Region,East%20Berkshire,page03_Berkshire
Migration_PerformanceReports_ClickC/STILSOA,Pm_Region,East%20Berkshire,page04_Berkshire
Migration_PerformanceReports_ClickC/STIresults,Pm_Region,East%20Berkshire,page05_Berkshire
Migration_PerformanceReports_ClickC/STIresultTOTs,Pm_Region,East%20Berkshire,page06_Berkshire
Migration_PerformanceReports_ClickC/STIdiagnosisCTGC,Pm_Region,East%20Berkshire,page07_Berkshire
Migration_PerformanceReports_ClickC/STIdiagnosisHIVSyp,Pm_Region,East%20Berkshire,page08_Berkshire
Migration_PerformanceReports_ClickC/STIrisksafeguarding,Pm_Region,East%20Berkshire,page09_Berkshire
Migration_PerformanceReports_ClickC/STIDemographics1,Pm_Region,East%20Berkshire,page10_Berkshire
Migration_PerformanceReports_ClickC/STIDemographics2,Pm_Region,East%20Berkshire,page11_Berkshire
Migration_PerformanceReports_ClickC/Feedback,Pm_Region,East%20Berkshire,page12_Berkshire
Migration_PerformanceReports_ClickC/Coverpage,Pm_Region,Blackburn,page01_Blackburn
Migration_PerformanceReports_ClickC/Highlights,Pm_Region,Blackburn,page02_Blackburn
Migration_PerformanceReports_ClickC/STIactivity,Pm_Region,Blackburn,page03_Blackburn
Migration_PerformanceReports_ClickC/STIoffline,Pm_Region,Blackburn,page04_Blackburn
Migration_PerformanceReports_ClickC/STILSOA,Pm_Region,Blackburn,page05_Blackburn
Migration_PerformanceReports_ClickC/STIresults,Pm_Region,Blackburn,page06_Blackburn
Migration_PerformanceReports_ClickC/STIresultTOTs,Pm_Region,Blackburn,page07_Blackburn
Migration_PerformanceReports_ClickC/STIdiagnosisCTGC,Pm_Region,Blackburn,page08_Blackburn
Migration_PerformanceReports_ClickC/STIdiagnosisHIVSyp,Pm_Region,Blackburn,page09_Blackburn
Migration_PerformanceReports_ClickC/STIrisksafeguarding,Pm_Region,Blackburn,page10_Blackburn
Migration_PerformanceReports_ClickC/STIDemographics1,Pm_Region,Blackburn,page11_Blackburn
Migration_PerformanceReports_ClickC/STIDemographics2,Pm_Region,Blackburn,page12_Blackburn
Migration_PerformanceReports_ClickC/ContraceptionPD,Pm_Region,Blackburn,page13_Blackburn
Migration_PerformanceReports_ClickC/COC,Pm_Region,Blackburn,page14_Blackburn
Migration_PerformanceReports_ClickC/POP,Pm_Region,Blackburn,page15_Blackburn
Migration_PerformanceReports_ClickC/COCPOPmap,Pm_Region,Blackburn,page16_Blackburn
Migration_PerformanceReports_ClickC/EC,Pm_Region,Blackburn,page17_Blackburn
Migration_PerformanceReports_ClickC/ECdelivered,Pm_Region,Blackburn,page18_Blackburn
Migration_PerformanceReports_ClickC/Feedback,Pm_Region,Blackburn,page19_Blackburn
Migration_PerformanceReports_ClickC/Coverpage,Pm_Region,Bracknell%20Forest,page01_Bracknell Forest
Migration_PerformanceReports_ClickC/Highlights,Pm_Region,Bracknell%20Forest,page02_Bracknell Forest
Migration_PerformanceReports_ClickC/STIactivity,Pm_Region,Bracknell%20Forest,page03_Bracknell Forest
Migration_PerformanceReports_ClickC/STILSOA,Pm_Region,Bracknell%20Forest,page04_Bracknell Forest
Migration_PerformanceReports_ClickC/STIresults,Pm_Region,Bracknell%20Forest,page05_Bracknell Forest
Migration_PerformanceReports_ClickC/STIresultTOTs,Pm_Region,Bracknell%20Forest,page06_Bracknell Forest
Migration_PerformanceReports_ClickC/STIdiagnosisCTGC,Pm_Region,Bracknell%20Forest,page07_Bracknell Forest
Migration_PerformanceReports_ClickC/STIdiagnosisHIVSyp,Pm_Region,Bracknell%20Forest,page08_Bracknell Forest
Migration_PerformanceReports_ClickC/STIrisksafeguarding,Pm_Region,Bracknell%20Forest,page09_Bracknell Forest
Migration_PerformanceReports_ClickC/STIDemographics1,Pm_Region,Bracknell%20Forest,page10_Bracknell Forest
Migration_PerformanceReports_ClickC/STIDemographics2,Pm_Region,Bracknell%20Forest,page11_Bracknell Forest
Migration_PerformanceReports_ClickC/Feedback,Pm_Region,Bracknell%20Forest,page12_Bracknell Forest
Migration_PerformanceReports_ClickC/Coverpage,Pm_Region,Bradford,page01_Bradford
Migration_PerformanceReports_ClickC/Highlights,Pm_Region,Bradford,page02_Bradford
Migration_PerformanceReports_ClickC/STIactivity,Pm_Region,Bradford,page03_Bradford
Migration_PerformanceReports_ClickC/STIoffline,Pm_Region,Bradford,page04_Bradford
Migration_PerformanceReports_ClickC/STILSOA,Pm_Region,Bradford,page05_Bradford
Migration_PerformanceReports_ClickC/STIresults,Pm_Region,Bradford,page06_Bradford
Migration_PerformanceReports_ClickC/STIresultTOTs,Pm_Region,Bradford,page07_Bradford
Migration_PerformanceReports_ClickC/STIdiagnosisCTGC,Pm_Region,Bradford,page08_Bradford
Migration_PerformanceReports_ClickC/STIdiagnosisHIVSyp,Pm_Region,Bradford,page09_Bradford
Migration_PerformanceReports_ClickC/STIrisksafeguarding,Pm_Region,Bradford,page10_Bradford
Migration_PerformanceReports_ClickC/STIDemographics1,Pm_Region,Bradford,page11_Bradford
Migration_PerformanceReports_ClickC/STIDemographics2,Pm_Region,Bradford,page12_Bradford
Migration_PerformanceReports_ClickC/ContraceptionPD,Pm_Region,Bradford,page13_Bradford
Migration_PerformanceReports_ClickC/EC,Pm_Region,Bradford,page14_Bradford
Migration_PerformanceReports_ClickC/ECdelivered,Pm_Region,Bradford,page15_Bradford
Migration_PerformanceReports_ClickC/Feedback,Pm_Region,Bradford,page16_Bradford
Migration_PerformanceReports_ClickC/Coverpage,Pm_Region,Bromley,page01_Bromley
Migration_PerformanceReports_ClickC/Highlights,Pm_Region,Bromley,page02_Bromley
Migration_PerformanceReports_ClickC/STIactivity,Pm_Region,Bromley,page03_Bromley
Migration_PerformanceReports_ClickC/STIoffline,Pm_Region,Bromley,page04_Bromley
Migration_PerformanceReports_ClickC/STILSOA,Pm_Region,Bromley,page05_Bromley
Migration_PerformanceReports_ClickC/STIresults,Pm_Region,Bromley,page06_Bromley
Migration_PerformanceReports_ClickC/STIresultTOTs,Pm_Region,Bromley,page07_Bromley
Migration_PerformanceReports_ClickC/STIdiagnosisCTGC,Pm_Region,Bromley,page08_Bromley
Migration_PerformanceReports_ClickC/STIrisksafeguarding,Pm_Region,Bromley,page09_Bromley
Migration_PerformanceReports_ClickC/STIDemographics1,Pm_Region,Bromley,page10_Bromley
Migration_PerformanceReports_ClickC/STIDemographics2,Pm_Region,Bromley,page11_Bromley
Migration_PerformanceReports_ClickC/ContraceptionPD,Pm_Region,Bromley,page12_Bromley
Migration_PerformanceReports_ClickC/POP,Pm_Region,Bromley,page13_Bromley
Migration_PerformanceReports_ClickC/COCPOPmap,Pm_Region,Bromley,page14_Bromley
Migration_PerformanceReports_ClickC/EC,Pm_Region,Bromley,page15_Bromley
Migration_PerformanceReports_ClickC/ECdelivered,Pm_Region,Bromley,page16_Bromley
Migration_PerformanceReports_ClickC/Feedback,Pm_Region,Bromley,page17_Bromley
Migration_PerformanceReports_ClickC/Coverpage,Pm_Region,Cheshire%20East,page01_Cheshire East
Migration_PerformanceReports_ClickC/Highlights,Pm_Region,Cheshire%20East,page02_Cheshire East
Migration_PerformanceReports_ClickC/STIactivity,Pm_Region,Cheshire%20East,page03_Cheshire East
Migration_PerformanceReports_ClickC/STIoffline,Pm_Region,Cheshire%20East,page04_Cheshire East
Migration_PerformanceReports_ClickC/STILSOA,Pm_Region,Cheshire%20East,page05_Cheshire East
Migration_PerformanceReports_ClickC/STIresults,Pm_Region,Cheshire%20East,page06_Cheshire East
Migration_PerformanceReports_ClickC/STIresultTOTs,Pm_Region,Cheshire%20East,page07_Cheshire East
Migration_PerformanceReports_ClickC/STIdiagnosisCTGC,Pm_Region,Cheshire%20East,page08_Cheshire East
Migration_PerformanceReports_ClickC/STIdiagnosisHIVSyp,Pm_Region,Cheshire%20East,page09_Cheshire East
Migration_PerformanceReports_ClickC/STIrisksafeguarding,Pm_Region,Cheshire%20East,page10_Cheshire East
Migration_PerformanceReports_ClickC/STIDemographics1,Pm_Region,Cheshire%20East,page11_Cheshire East
Migration_PerformanceReports_ClickC/STIDemographics2,Pm_Region,Cheshire%20East,page12_Cheshire East
Migration_PerformanceReports_ClickC/ContraceptionPD,Pm_Region,Cheshire%20East,page13_Cheshire East
Migration_PerformanceReports_ClickC/COC,Pm_Region,Cheshire%20East,page14_Cheshire East
Migration_PerformanceReports_ClickC/POP,Pm_Region,Cheshire%20East,page15_Cheshire East
Migration_PerformanceReports_ClickC/COCPOPmap,Pm_Region,Cheshire%20East,page16_Cheshire East
Migration_PerformanceReports_ClickC/Feedback,Pm_Region,Cheshire%20East,page17_Cheshire East
Migration_PerformanceReports_ClickC/RoyalLiverpool,Pm_Region,Cheshire%20East,page18_Cheshire East
Migration_PerformanceReports_ClickC/Coverpage,Pm_Region,Cornwall,page01_Cornwall
Migration_PerformanceReports_ClickC/Highlights,Pm_Region,Cornwall,page02_Cornwall
Migration_PerformanceReports_ClickC/STIactivity,Pm_Region,Cornwall,page03_Cornwall
Migration_PerformanceReports_ClickC/STIoffline,Pm_Region,Cornwall,page04_Cornwall
Migration_PerformanceReports_ClickC/STILSOA,Pm_Region,Cornwall,page05_Cornwall
Migration_PerformanceReports_ClickC/STIresults,Pm_Region,Cornwall,page06_Cornwall
Migration_PerformanceReports_ClickC/STIresultTOTs,Pm_Region,Cornwall,page07_Cornwall
Migration_PerformanceReports_ClickC/STIdiagnosisCTGC,Pm_Region,Cornwall,page08_Cornwall
Migration_PerformanceReports_ClickC/STIdiagnosisHIVSyp,Pm_Region,Cornwall,page09_Cornwall
Migration_PerformanceReports_ClickC/STIrisksafeguarding,Pm_Region,Cornwall,page10_Cornwall
Migration_PerformanceReports_ClickC/STIDemographics1,Pm_Region,Cornwall,page11_Cornwall
Migration_PerformanceReports_ClickC/STIDemographics2,Pm_Region,Cornwall,page12_Cornwall
Migration_PerformanceReports_ClickC/ContraceptionPD,Pm_Region,Cornwall,page13_Cornwall
Migration_PerformanceReports_ClickC/COC,Pm_Region,Cornwall,page14_Cornwall
Migration_PerformanceReports_ClickC/POP,Pm_Region,Cornwall,page15_Cornwall
Migration_PerformanceReports_ClickC/COCPOPmap,Pm_Region,Cornwall,page16_Cornwall
Migration_PerformanceReports_ClickC/EC,Pm_Region,Cornwall,page17_Cornwall
Migration_PerformanceReports_ClickC/ECdelivered,Pm_Region,Cornwall,page18_Cornwall
Migration_PerformanceReports_ClickC/Feedback,Pm_Region,Cornwall,page19_Cornwall
Migration_PerformanceReports_ClickC/Coverpage,Pm_Region,County%20Durham,page01_County Durham
Migration_PerformanceReports_ClickC/Highlights,Pm_Region,County%20Durham,page02_County Durham
Migration_PerformanceReports_ClickC/STIactivity,Pm_Region,County%20Durham,page03_County Durham
Migration_PerformanceReports_ClickC/STIpostedLSOA,Pm_Region,County%20Durham,page04_County Durham
Migration_PerformanceReports_ClickC/STIreturnsLSOA,Pm_Region,County%20Durham,page05_County Durham
Migration_PerformanceReports_ClickC/STIresults,Pm_Region,County%20Durham,page06_County Durham
Migration_PerformanceReports_ClickC/STIresultTOTs,Pm_Region,County%20Durham,page07_County Durham
Migration_PerformanceReports_ClickC/STIdiagnosisCTGC,Pm_Region,County%20Durham,page08_County Durham
Migration_PerformanceReports_ClickC/STIdiagnosisHIVSyp,Pm_Region,County%20Durham,page09_County Durham
Migration_PerformanceReports_ClickC/STIrisksafeguarding,Pm_Region,County%20Durham,page10_County Durham
Migration_PerformanceReports_ClickC/STIDemographics1,Pm_Region,County%20Durham,page11_County Durham
Migration_PerformanceReports_ClickC/STIDemographics2,Pm_Region,County%20Durham,page12_County Durham
Migration_PerformanceReports_ClickC/ContraceptionPD,Pm_Region,County%20Durham,page13_County Durham
Migration_PerformanceReports_ClickC/COC,Pm_Region,County%20Durham,page14_County Durham
Migration_PerformanceReports_ClickC/POP,Pm_Region,County%20Durham,page15_County Durham
Migration_PerformanceReports_ClickC/COCPOPmap,Pm_Region,County%20Durham,page16_County Durham
Migration_PerformanceReports_ClickC/Feedback,Pm_Region,County%20Durham,page17_County Durham
Migration_PerformanceReports_ClickC/Coverpage,Pm_Region,Darlington,page01_Darlington
Migration_PerformanceReports_ClickC/Highlights,Pm_Region,Darlington,page02_Darlington
Migration_PerformanceReports_ClickC/STIactivity,Pm_Region,Darlington,page03_Darlington
Migration_PerformanceReports_ClickC/STIpostedLSOA,Pm_Region,Darlington,page04_Darlington
Migration_PerformanceReports_ClickC/STIreturnsLSOA,Pm_Region,Darlington,page05_Darlington
Migration_PerformanceReports_ClickC/STIresults,Pm_Region,Darlington,page06_Darlington
Migration_PerformanceReports_ClickC/STIresultTOTs,Pm_Region,Darlington,page07_Darlington
Migration_PerformanceReports_ClickC/STIdiagnosisCTGC,Pm_Region,Darlington,page08_Darlington
Migration_PerformanceReports_ClickC/STIdiagnosisHIVSyp,Pm_Region,Darlington,page09_Darlington
Migration_PerformanceReports_ClickC/STIrisksafeguarding,Pm_Region,Darlington,page10_Darlington
Migration_PerformanceReports_ClickC/STIDemographics1,Pm_Region,Darlington,page11_Darlington
Migration_PerformanceReports_ClickC/STIDemographics2,Pm_Region,Darlington,page12_Darlington
Migration_PerformanceReports_ClickC/ContraceptionPD,Pm_Region,Darlington,page13_Darlington
Migration_PerformanceReports_ClickC/COC,Pm_Region,Darlington,page14_Darlington
Migration_PerformanceReports_ClickC/POP,Pm_Region,Darlington,page15_Darlington
Migration_PerformanceReports_ClickC/COCPOPmap,Pm_Region,Darlington,page16_Darlington
Migration_PerformanceReports_ClickC/Feedback,Pm_Region,Darlington,page17_Darlington
Migration_PerformanceReports_ClickC/Coverpage,Pm_Region,Derby,page01_Derby
Migration_PerformanceReports_ClickC/Highlights,Pm_Region,Derby,page02_Derby
Migration_PerformanceReports_ClickC/STIactivity,Pm_Region,Derby,page03_Derby
Migration_PerformanceReports_ClickC/STIoffline,Pm_Region,Derby,page04_Derby
Migration_PerformanceReports_ClickC/STILSOA,Pm_Region,Derby,page05_Derby
Migration_PerformanceReports_ClickC/STIresults,Pm_Region,Derby,page06_Derby
Migration_PerformanceReports_ClickC/STIresultTOTs,Pm_Region,Derby,page07_Derby
Migration_PerformanceReports_ClickC/STIdiagnosisCTGC,Pm_Region,Derby,page08_Derby
Migration_PerformanceReports_ClickC/STIdiagnosisHIVSyp,Pm_Region,Derby,page09_Derby
Migration_PerformanceReports_ClickC/STIrisksafeguarding,Pm_Region,Derby,page10_Derby
Migration_PerformanceReports_ClickC/STIDemographics1,Pm_Region,Derby,page11_Derby
Migration_PerformanceReports_ClickC/STIDemographics2,Pm_Region,Derby,page12_Derby
Migration_PerformanceReports_ClickC/ContraceptionPD,Pm_Region,Derby,page13_Derby
Migration_PerformanceReports_ClickC/COC,Pm_Region,Derby,page14_Derby
Migration_PerformanceReports_ClickC/POP,Pm_Region,Derby,page15_Derby
Migration_PerformanceReports_ClickC/COCPOPmap,Pm_Region,Derby,page16_Derby
Migration_PerformanceReports_ClickC/EC,Pm_Region,Derby,page17_Derby
Migration_PerformanceReports_ClickC/ECdelivered,Pm_Region,Derby,page18_Derby
Migration_PerformanceReports_ClickC/Feedback,Pm_Region,Derby,page19_Derby
Migration_PerformanceReports_ClickC/Coverpage,Pm_Region,Derbyshire,page01_Derbyshire
Migration_PerformanceReports_ClickC/Highlights,Pm_Region,Derbyshire,page02_Derbyshire
Migration_PerformanceReports_ClickC/STIactivity,Pm_Region,Derbyshire,page03_Derbyshire
Migration_PerformanceReports_ClickC/STIoffline,Pm_Region,Derbyshire,page04_Derbyshire
Migration_PerformanceReports_ClickC/STILSOA,Pm_Region,Derbyshire,page05_Derbyshire
Migration_PerformanceReports_ClickC/STIDistrict,Pm_Region,Derbyshire,page06_Derbyshire
Migration_PerformanceReports_ClickC/STIresults,Pm_Region,Derbyshire,page07_Derbyshire
Migration_PerformanceReports_ClickC/STIresultTOTs,Pm_Region,Derbyshire,page08_Derbyshire
Migration_PerformanceReports_ClickC/STIdiagnosisCTGC,Pm_Region,Derbyshire,page09_Derbyshire
Migration_PerformanceReports_ClickC/STIdiagnosisHIVSyp,Pm_Region,Derbyshire,page10_Derbyshire
Migration_PerformanceReports_ClickC/STIrisksafeguarding,Pm_Region,Derbyshire,page11_Derbyshire
Migration_PerformanceReports_ClickC/STIDemographics1,Pm_Region,Derbyshire,page12_Derbyshire
Migration_PerformanceReports_ClickC/STIDemographics2,Pm_Region,Derbyshire,page13_Derbyshire
Migration_PerformanceReports_ClickC/ContraceptionPD,Pm_Region,Derbyshire,page14_Derbyshire
Migration_PerformanceReports_ClickC/COC,Pm_Region,Derbyshire,page15_Derbyshire
Migration_PerformanceReports_ClickC/POP,Pm_Region,Derbyshire,page16_Derbyshire
Migration_PerformanceReports_ClickC/COCPOPmap,Pm_Region,Derbyshire,page17_Derbyshire
Migration_PerformanceReports_ClickC/EC,Pm_Region,Derbyshire,page18_Derbyshire
Migration_PerformanceReports_ClickC/ECdelivered,Pm_Region,Derbyshire,page19_Derbyshire
Migration_PerformanceReports_ClickC/Feedback,Pm_Region,Derbyshire,page20_Derbyshire
Migration_PerformanceReports_ClickC/Coverpage,Pm_Region,Doncaster,page01_Doncaster
Migration_PerformanceReports_ClickC/Highlights,Pm_Region,Doncaster,page02_Doncaster
Migration_PerformanceReports_ClickC/STIactivity,Pm_Region,Doncaster,page03_Doncaster
Migration_PerformanceReports_ClickC/STILSOA,Pm_Region,Doncaster,page04_Doncaster
Migration_PerformanceReports_ClickC/STIresults,Pm_Region,Doncaster,page05_Doncaster
Migration_PerformanceReports_ClickC/STIresultTOTs,Pm_Region,Doncaster,page06_Doncaster
Migration_PerformanceReports_ClickC/STIdiagnosisCTGC,Pm_Region,Doncaster,page07_Doncaster
Migration_PerformanceReports_ClickC/STIdiagnosisHIVSyp,Pm_Region,Doncaster,page08_Doncaster
Migration_PerformanceReports_ClickC/STIrisksafeguarding,Pm_Region,Doncaster,page09_Doncaster
Migration_PerformanceReports_ClickC/STIDemographics1,Pm_Region,Doncaster,page10_Doncaster
Migration_PerformanceReports_ClickC/STIDemographics2,Pm_Region,Doncaster,page11_Doncaster
Migration_PerformanceReports_ClickC/ContraceptionPD,Pm_Region,Doncaster,page12_Doncaster
Migration_PerformanceReports_ClickC/POP,Pm_Region,Doncaster,page13_Doncaster
Migration_PerformanceReports_ClickC/COCPOPmap,Pm_Region,Doncaster,page14_Doncaster
Migration_PerformanceReports_ClickC/EC,Pm_Region,Doncaster,page15_Doncaster
Migration_PerformanceReports_ClickC/ECdelivered,Pm_Region,Doncaster,page16_Doncaster
Migration_PerformanceReports_ClickC/Feedback,Pm_Region,Doncaster,page17_Doncaster
Migration_PerformanceReports_ClickC/Coverpage,Pm_Region,Dorset,page01_Dorset
Migration_PerformanceReports_ClickC/Highlights,Pm_Region,Dorset,page02_Dorset
Migration_PerformanceReports_ClickC/STIactivity,Pm_Region,Dorset,page03_Dorset
Migration_PerformanceReports_ClickC/STIoffline,Pm_Region,Dorset,page04_Dorset
Migration_PerformanceReports_ClickC/STILSOA,Pm_Region,Dorset,page05_Dorset
Migration_PerformanceReports_ClickC/STIresults,Pm_Region,Dorset,page06_Dorset
Migration_PerformanceReports_ClickC/STIresultTOTs,Pm_Region,Dorset,page07_Dorset
Migration_PerformanceReports_ClickC/STIdiagnosisCTGC,Pm_Region,Dorset,page08_Dorset
Migration_PerformanceReports_ClickC/STIdiagnosisHIVSyp,Pm_Region,Dorset,page09_Dorset
Migration_PerformanceReports_ClickC/STIrisksafeguarding,Pm_Region,Dorset,page10_Dorset
Migration_PerformanceReports_ClickC/STIDemographics1,Pm_Region,Dorset,page11_Dorset
Migration_PerformanceReports_ClickC/STIDemographics2,Pm_Region,Dorset,page12_Dorset
Migration_PerformanceReports_ClickC/ContraceptionPD,Pm_Region,Dorset,page13_Dorset
Migration_PerformanceReports_ClickC/COC,Pm_Region,Dorset,page14_Dorset
Migration_PerformanceReports_ClickC/POP,Pm_Region,Dorset,page15_Dorset
Migration_PerformanceReports_ClickC/COCPOPmap,Pm_Region,Dorset,page16_Dorset
Migration_PerformanceReports_ClickC/Feedback,Pm_Region,Dorset,page17_Dorset
Migration_PerformanceReports_ClickC/Coverpage,Pm_Region,Dudley,page01_Dudley
Migration_PerformanceReports_ClickC/Highlights,Pm_Region,Dudley,page02_Dudley
Migration_PerformanceReports_ClickC/STIactivity,Pm_Region,Dudley,page03_Dudley
Migration_PerformanceReports_ClickC/STILSOA,Pm_Region,Dudley,page04_Dudley
Migration_PerformanceReports_ClickC/STIresults,Pm_Region,Dudley,page05_Dudley
Migration_PerformanceReports_ClickC/STIresultTOTs,Pm_Region,Dudley,page06_Dudley
Migration_PerformanceReports_ClickC/STIdiagnosisCTGC,Pm_Region,Dudley,page07_Dudley
Migration_PerformanceReports_ClickC/STIdiagnosisHIVSyp,Pm_Region,Dudley,page08_Dudley
Migration_PerformanceReports_ClickC/STIrisksafeguarding,Pm_Region,Dudley,page09_Dudley
Migration_PerformanceReports_ClickC/STIDemographics1,Pm_Region,Dudley,page10_Dudley
Migration_PerformanceReports_ClickC/STIDemographics2,Pm_Region,Dudley,page11_Dudley
Migration_PerformanceReports_ClickC/ContraceptionPD,Pm_Region,Dudley,page12_Dudley
Migration_PerformanceReports_ClickC/Feedback,Pm_Region,Dudley,page13_Dudley
Migration_PerformanceReports_ClickC/Coverpage,Pm_Region,Halton,page01_Halton
Migration_PerformanceReports_ClickC/Highlights,Pm_Region,Halton,page02_Halton
Migration_PerformanceReports_ClickC/STIactivity,Pm_Region,Halton,page03_Halton
Migration_PerformanceReports_ClickC/STIoffline,Pm_Region,Halton,page04_Halton
Migration_PerformanceReports_ClickC/STILSOA,Pm_Region,Halton,page05_Halton
Migration_PerformanceReports_ClickC/STIresults,Pm_Region,Halton,page06_Halton
Migration_PerformanceReports_ClickC/STIresultTOTs,Pm_Region,Halton,page07_Halton
Migration_PerformanceReports_ClickC/STIdiagnosisCTGC,Pm_Region,Halton,page08_Halton
Migration_PerformanceReports_ClickC/STIdiagnosisHIVSyp,Pm_Region,Halton,page09_Halton
Migration_PerformanceReports_ClickC/STIrisksafeguarding,Pm_Region,Halton,page10_Halton
Migration_PerformanceReports_ClickC/STIDemographics1,Pm_Region,Halton,page11_Halton
Migration_PerformanceReports_ClickC/STIDemographics2,Pm_Region,Halton,page12_Halton
Migration_PerformanceReports_ClickC/ContraceptionPD,Pm_Region,Halton,page13_Halton
Migration_PerformanceReports_ClickC/COC,Pm_Region,Halton,page14_Halton
Migration_PerformanceReports_ClickC/POP,Pm_Region,Halton,page15_Halton
Migration_PerformanceReports_ClickC/COCPOPmap,Pm_Region,Halton,page16_Halton
Migration_PerformanceReports_ClickC/Feedback,Pm_Region,Halton,page17_Halton
Migration_PerformanceReports_ClickC/RoyalLiverpool,Pm_Region,Halton,page18_Halton
Migration_PerformanceReports_ClickC/Coverpage,Pm_Region,Hillingdon,page01_Hillingdon
Migration_PerformanceReports_ClickC/Highlights,Pm_Region,Hillingdon,page02_Hillingdon
Migration_PerformanceReports_ClickC/STIactivity,Pm_Region,Hillingdon,page03_Hillingdon
Migration_PerformanceReports_ClickC/STIoffline,Pm_Region,Hillingdon,page04_Hillingdon
Migration_PerformanceReports_ClickC/STILSOA,Pm_Region,Hillingdon,page05_Hillingdon
Migration_PerformanceReports_ClickC/STIresults,Pm_Region,Hillingdon,page06_Hillingdon
Migration_PerformanceReports_ClickC/STIresultTOTs,Pm_Region,Hillingdon,page07_Hillingdon
Migration_PerformanceReports_ClickC/STIdiagnosisCTGC,Pm_Region,Hillingdon,page08_Hillingdon
Migration_PerformanceReports_ClickC/STIdiagnosisHIVSyp,Pm_Region,Hillingdon,page09_Hillingdon
Migration_PerformanceReports_ClickC/STIrisksafeguarding,Pm_Region,Hillingdon,page10_Hillingdon
Migration_PerformanceReports_ClickC/STIDemographics1,Pm_Region,Hillingdon,page11_Hillingdon
Migration_PerformanceReports_ClickC/STIDemographics2,Pm_Region,Hillingdon,page12_Hillingdon
Migration_PerformanceReports_ClickC/ContraceptionPD,Pm_Region,Hillingdon,page13_Hillingdon
Migration_PerformanceReports_ClickC/COC,Pm_Region,Hillingdon,page14_Hillingdon
Migration_PerformanceReports_ClickC/POP,Pm_Region,Hillingdon,page15_Hillingdon
Migration_PerformanceReports_ClickC/COCPOPmap,Pm_Region,Hillingdon,page16_Hillingdon
Migration_PerformanceReports_ClickC/EC,Pm_Region,Hillingdon,page17_Hillingdon
Migration_PerformanceReports_ClickC/ECdelivered,Pm_Region,Hillingdon,page18_Hillingdon
Migration_PerformanceReports_ClickC/Feedback,Pm_Region,Hillingdon,page19_Hillingdon
Migration_PerformanceReports_ClickC/Coverpage,Pm_Region,Hertfordshire,page01_Hertfordshire
Migration_PerformanceReports_ClickC/Highlights,Pm_Region,Hertfordshire,page02_Hertfordshire
Migration_PerformanceReports_ClickC/STIactivity,Pm_Region,Hertfordshire,page03_Hertfordshire
Migration_PerformanceReports_ClickC/STILSOA,Pm_Region,Hertfordshire,page04_Hertfordshire
Migration_PerformanceReports_ClickC/STIDistrict,Pm_Region,Hertfordshire,page05_Hertfordshire
Migration_PerformanceReports_ClickC/STIresults,Pm_Region,Hertfordshire,page06_Hertfordshire
Migration_PerformanceReports_ClickC/ResultsUniqueUsersHerts,Pm_Region,Hertfordshire,page07_Hertfordshire
Migration_PerformanceReports_ClickC/STIresultTOTs,Pm_Region,Hertfordshire,page08_Hertfordshire
Migration_PerformanceReports_ClickC/STIdiagnosisCTGC,Pm_Region,Hertfordshire,page09_Hertfordshire
Migration_PerformanceReports_ClickC/STIdiagnosisHIVSyp,Pm_Region,Hertfordshire,page10_Hertfordshire
Migration_PerformanceReports_ClickC/STIrisksafeguarding,Pm_Region,Hertfordshire,page11_Hertfordshire
Migration_PerformanceReports_ClickC/STIDemographics1,Pm_Region,Hertfordshire,page12_Hertfordshire
Migration_PerformanceReports_ClickC/STIDemographics2,Pm_Region,Hertfordshire,page13_Hertfordshire
Migration_PerformanceReports_ClickC/ContraceptionPD,Pm_Region,Hertfordshire,page14_Hertfordshire
Migration_PerformanceReports_ClickC/COC,Pm_Region,Hertfordshire,page15_Hertfordshire
Migration_PerformanceReports_ClickC/POP,Pm_Region,Hertfordshire,page16_Hertfordshire
Migration_PerformanceReports_ClickC/COCPOPmap,Pm_Region,Hertfordshire,page17_Hertfordshire
Migration_PerformanceReports_ClickC/EC,Pm_Region,Hertfordshire,page18_Hertfordshire
Migration_PerformanceReports_ClickC/ECdelivered,Pm_Region,Hertfordshire,page19_Hertfordshire
Migration_PerformanceReports_ClickC/Feedback,Pm_Region,Hertfordshire,page20_Hertfordshire
Migration_PerformanceReports_ClickC/Coverpage,Pm_Region,Kirklees,page01_Kirklees
Migration_PerformanceReports_ClickC/Highlights,Pm_Region,Kirklees,page02_Kirklees
Migration_PerformanceReports_ClickC/STIactivity,Pm_Region,Kirklees,page03_Kirklees
Migration_PerformanceReports_ClickC/STIoffline,Pm_Region,Kirklees,page04_Kirklees
Migration_PerformanceReports_ClickC/STILSOA,Pm_Region,Kirklees,page05_Kirklees
Migration_PerformanceReports_ClickC/STIresults,Pm_Region,Kirklees,page06_Kirklees
Migration_PerformanceReports_ClickC/STIresultTOTs,Pm_Region,Kirklees,page07_Kirklees
Migration_PerformanceReports_ClickC/STIdiagnosisCTGC,Pm_Region,Kirklees,page08_Kirklees
Migration_PerformanceReports_ClickC/STIdiagnosisHIVSyp,Pm_Region,Kirklees,page09_Kirklees
Migration_PerformanceReports_ClickC/STIrisksafeguarding,Pm_Region,Kirklees,page10_Kirklees
Migration_PerformanceReports_ClickC/STIDemographics1,Pm_Region,Kirklees,page11_Kirklees
Migration_PerformanceReports_ClickC/STIDemographics2,Pm_Region,Kirklees,page12_Kirklees
Migration_PerformanceReports_ClickC/ContraceptionPD,Pm_Region,Kirklees,page13_Kirklees
Migration_PerformanceReports_ClickC/Feedback,Pm_Region,Kirklees,page14_Kirklees
Migration_PerformanceReports_ClickC/Coverpage,Pm_Region,Knowsley,page01_Knowsley
Migration_PerformanceReports_ClickC/Highlights,Pm_Region,Knowsley,page02_Knowsley
Migration_PerformanceReports_ClickC/STIactivity,Pm_Region,Knowsley,page03_Knowsley
Migration_PerformanceReports_ClickC/STIoffline,Pm_Region,Knowsley,page04_Knowsley
Migration_PerformanceReports_ClickC/STILSOA,Pm_Region,Knowsley,page05_Knowsley
Migration_PerformanceReports_ClickC/STIresults,Pm_Region,Knowsley,page06_Knowsley
Migration_PerformanceReports_ClickC/STIresultTOTs,Pm_Region,Knowsley,page07_Knowsley
Migration_PerformanceReports_ClickC/STIdiagnosisCTGC,Pm_Region,Knowsley,page08_Knowsley
Migration_PerformanceReports_ClickC/STIdiagnosisHIVSyp,Pm_Region,Knowsley,page09_Knowsley
Migration_PerformanceReports_ClickC/STIrisksafeguarding,Pm_Region,Knowsley,page10_Knowsley
Migration_PerformanceReports_ClickC/STIDemographics1,Pm_Region,Knowsley,page11_Knowsley
Migration_PerformanceReports_ClickC/STIDemographics2,Pm_Region,Knowsley,page12_Knowsley
Migration_PerformanceReports_ClickC/ContraceptionPD,Pm_Region,Knowsley,page13_Knowsley
Migration_PerformanceReports_ClickC/COC,Pm_Region,Knowsley,page14_Knowsley
Migration_PerformanceReports_ClickC/POP,Pm_Region,Knowsley,page15_Knowsley
Migration_PerformanceReports_ClickC/COCPOPmap,Pm_Region,Knowsley,page16_Knowsley
Migration_PerformanceReports_ClickC/Feedback,Pm_Region,Knowsley,page17_Knowsley
Migration_PerformanceReports_ClickC/RoyalLiverpool,Pm_Region,Knowsley,page18_Knowsley
Migration_PerformanceReports_ClickC/Coverpage,Pm_Region,Leicester,page01_Leicester
Migration_PerformanceReports_ClickC/Highlights,Pm_Region,Leicester,page02_Leicester
Migration_PerformanceReports_ClickC/STIactivity,Pm_Region,Leicester,page03_Leicester
Migration_PerformanceReports_ClickC/STIoffline,Pm_Region,Leicester,page04_Leicester
Migration_PerformanceReports_ClickC/STILSOA,Pm_Region,Leicester,page05_Leicester
Migration_PerformanceReports_ClickC/STIresults,Pm_Region,Leicester,page06_Leicester
Migration_PerformanceReports_ClickC/STIresultTOTs,Pm_Region,Leicester,page07_Leicester
Migration_PerformanceReports_ClickC/STIdiagnosisCTGC,Pm_Region,Leicester,page08_Leicester
Migration_PerformanceReports_ClickC/STIdiagnosisHIVSyp,Pm_Region,Leicester,page09_Leicester
Migration_PerformanceReports_ClickC/STIrisksafeguarding,Pm_Region,Leicester,page10_Leicester
Migration_PerformanceReports_ClickC/STIDemographics1,Pm_Region,Leicester,page11_Leicester
Migration_PerformanceReports_ClickC/STIDemographics2,Pm_Region,Leicester,page12_Leicester
Migration_PerformanceReports_ClickC/ContraceptionPD,Pm_Region,Leicester,page13_Leicester
Migration_PerformanceReports_ClickC/COC,Pm_Region,Leicester,page14_Leicester
Migration_PerformanceReports_ClickC/POP,Pm_Region,Leicester,page15_Leicester
Migration_PerformanceReports_ClickC/COCPOPmap,Pm_Region,Leicester,page16_Leicester
Migration_PerformanceReports_ClickC/EC,Pm_Region,Leicester,page17_Leicester
Migration_PerformanceReports_ClickC/ECdelivered,Pm_Region,Leicester,page18_Leicester
Migration_PerformanceReports_ClickC/Feedback,Pm_Region,Leicester,page19_Leicester
Migration_PerformanceReports_ClickC/Coverpage,Pm_Region,Leicestershire,page01_Leicestershire
Migration_PerformanceReports_ClickC/Highlights,Pm_Region,Leicestershire,page02_Leicestershire
Migration_PerformanceReports_ClickC/STIactivity,Pm_Region,Leicestershire,page03_Leicestershire
Migration_PerformanceReports_ClickC/STILSOA,Pm_Region,Leicestershire,page04_Leicestershire
Migration_PerformanceReports_ClickC/STIDistrict,Pm_Region,Leicestershire,page05_Leicestershire
Migration_PerformanceReports_ClickC/STIresults,Pm_Region,Leicestershire,page06_Leicestershire
Migration_PerformanceReports_ClickC/STIresultTOTs,Pm_Region,Leicestershire,page07_Leicestershire
Migration_PerformanceReports_ClickC/STIdiagnosisCTGC,Pm_Region,Leicestershire,page08_Leicestershire
Migration_PerformanceReports_ClickC/STIdiagnosisHIVSyp,Pm_Region,Leicestershire,page09_Leicestershire
Migration_PerformanceReports_ClickC/STIrisksafeguarding,Pm_Region,Leicestershire,page10_Leicestershire
Migration_PerformanceReports_ClickC/STIDemographics1,Pm_Region,Leicestershire,page11_Leicestershire
Migration_PerformanceReports_ClickC/STIDemographics2,Pm_Region,Leicestershire,page12_Leicestershire
Migration_PerformanceReports_ClickC/ContraceptionPD,Pm_Region,Leicestershire,page13_Leicestershire
Migration_PerformanceReports_ClickC/COC,Pm_Region,Leicestershire,page14_Leicestershire
Migration_PerformanceReports_ClickC/POP,Pm_Region,Leicestershire,page15_Leicestershire
Migration_PerformanceReports_ClickC/COCPOPmap,Pm_Region,Leicestershire,page16_Leicestershire
Migration_PerformanceReports_ClickC/EC,Pm_Region,Leicestershire,page17_Leicestershire
Migration_PerformanceReports_ClickC/ECdelivered,Pm_Region,Leicestershire,page18_Leicestershire
Migration_PerformanceReports_ClickC/Feedback,Pm_Region,Leicestershire,page19_Leicestershire
Migration_PerformanceReports_ClickC/Coverpage,Pm_Region,Liverpool,page01_Liverpool
Migration_PerformanceReports_ClickC/Highlights,Pm_Region,Liverpool,page02_Liverpool
Migration_PerformanceReports_ClickC/STIactivity,Pm_Region,Liverpool,page03_Liverpool
Migration_PerformanceReports_ClickC/STIoffline,Pm_Region,Liverpool,page04_Liverpool
Migration_PerformanceReports_ClickC/STILSOA,Pm_Region,Liverpool,page05_Liverpool
Migration_PerformanceReports_ClickC/STIresults,Pm_Region,Liverpool,page06_Liverpool
Migration_PerformanceReports_ClickC/STIresultTOTs,Pm_Region,Liverpool,page07_Liverpool
Migration_PerformanceReports_ClickC/STIdiagnosisCTGC,Pm_Region,Liverpool,page08_Liverpool
Migration_PerformanceReports_ClickC/STIdiagnosisHIVSyp,Pm_Region,Liverpool,page09_Liverpool
Migration_PerformanceReports_ClickC/STIrisksafeguarding,Pm_Region,Liverpool,page10_Liverpool
Migration_PerformanceReports_ClickC/STIDemographics1,Pm_Region,Liverpool,page11_Liverpool
Migration_PerformanceReports_ClickC/STIDemographics2,Pm_Region,Liverpool,page12_Liverpool
Migration_PerformanceReports_ClickC/Feedback,Pm_Region,Liverpool,page13_Liverpool
Migration_PerformanceReports_ClickC/RoyalLiverpool,Pm_Region,Liverpool,page14_Liverpool
Migration_PerformanceReports_ClickC/Coverpage,Pm_Region,Manchester,page01_Manchester
Migration_PerformanceReports_ClickC/Highlights,Pm_Region,Manchester,page02_Manchester
Migration_PerformanceReports_ClickC/STIactivity,Pm_Region,Manchester,page03_Manchester
Migration_PerformanceReports_ClickC/STILSOA,Pm_Region,Manchester,page04_Manchester
Migration_PerformanceReports_ClickC/STIresults,Pm_Region,Manchester,page05_Manchester
Migration_PerformanceReports_ClickC/STIresultTOTs,Pm_Region,Manchester,page06_Manchester
Migration_PerformanceReports_ClickC/STIdiagnosisCTGC,Pm_Region,Manchester,page07_Manchester
Migration_PerformanceReports_ClickC/STIdiagnosisHIVSyp,Pm_Region,Manchester,page08_Manchester
Migration_PerformanceReports_ClickC/STIrisksafeguarding,Pm_Region,Manchester,page09_Manchester
Migration_PerformanceReports_ClickC/STIDemographics1,Pm_Region,Manchester,page10_Manchester
Migration_PerformanceReports_ClickC/STIDemographics2,Pm_Region,Manchester,page11_Manchester
Migration_PerformanceReports_ClickC/ContraceptionPD,Pm_Region,Manchester,page12_Manchester
Migration_PerformanceReports_ClickC/Feedback,Pm_Region,Manchester,page13_Manchester
Migration_PerformanceReports_ClickC/Coverpage,Pm_Region,North%20Staffordshire,page01_North Staffordshire
Migration_PerformanceReports_ClickC/Highlights,Pm_Region,North%20Staffordshire,page02_North Staffordshire
Migration_PerformanceReports_ClickC/STIactivity,Pm_Region,North%20Staffordshire,page03_North Staffordshire
Migration_PerformanceReports_ClickC/STILSOA,Pm_Region,North%20Staffordshire,page04_North Staffordshire
Migration_PerformanceReports_ClickC/STIDistrict,Pm_Region,North%20Staffordshire,page05_North Staffordshire
Migration_PerformanceReports_ClickC/STIresults,Pm_Region,North%20Staffordshire,page06_North Staffordshire
Migration_PerformanceReports_ClickC/STIresultTOTs,Pm_Region,North%20Staffordshire,page07_North Staffordshire
Migration_PerformanceReports_ClickC/STIdiagnosisCTGC,Pm_Region,North%20Staffordshire,page08_North Staffordshire
Migration_PerformanceReports_ClickC/STIdiagnosisHIVSyp,Pm_Region,North%20Staffordshire,page09_North Staffordshire
Migration_PerformanceReports_ClickC/STIrisksafeguarding,Pm_Region,North%20Staffordshire,page10_North Staffordshire
Migration_PerformanceReports_ClickC/STIDemographics1,Pm_Region,North%20Staffordshire,page11_North Staffordshire
Migration_PerformanceReports_ClickC/STIDemographics2,Pm_Region,North%20Staffordshire,page12_North Staffordshire
Migration_PerformanceReports_ClickC/Feedback,Pm_Region,North%20Staffordshire,page13_North Staffordshire
Migration_PerformanceReports_ClickC/Coverpage,Pm_Region,Northern%20Ireland,page01_Northern Ireland
Migration_PerformanceReports_ClickC/Highlights,Pm_Region,Northern%20Ireland,page02_Northern Ireland
Migration_PerformanceReports_ClickC/STIactivity,Pm_Region,Northern%20Ireland,page03_Northern Ireland
Migration_PerformanceReports_ClickC/NIRegions,Pm_Region,Northern%20Ireland,page04_Northern Ireland
Migration_PerformanceReports_ClickC/STILSOA,Pm_Region,Northern%20Ireland,page05_Northern Ireland
Migration_PerformanceReports_ClickC/STIresults,Pm_Region,Northern%20Ireland,page06_Northern Ireland
Migration_PerformanceReports_ClickC/STIresultTOTs,Pm_Region,Northern%20Ireland,page07_Northern Ireland
Migration_PerformanceReports_ClickC/STIdiagnosisCTGC,Pm_Region,Northern%20Ireland,page08_Northern Ireland
Migration_PerformanceReports_ClickC/STIdiagnosisHIVSyp,Pm_Region,Northern%20Ireland,page09_Northern Ireland
Migration_PerformanceReports_ClickC/STIrisksafeguarding,Pm_Region,Northern%20Ireland,page10_Northern Ireland
Migration_PerformanceReports_ClickC/STIDemographics1,Pm_Region,Northern%20Ireland,page11_Northern Ireland
Migration_PerformanceReports_ClickC/STIDemographics2,Pm_Region,Northern%20Ireland,page12_Northern Ireland
Migration_PerformanceReports_ClickC/ContraceptionPD,Pm_Region,Northern%20Ireland,page13_Northern Ireland
Migration_PerformanceReports_ClickC/COC,Pm_Region,Northern%20Ireland,page14_Northern Ireland
Migration_PerformanceReports_ClickC/POP,Pm_Region,Northern%20Ireland,page15_Northern Ireland
Migration_PerformanceReports_ClickC/COCPOPmap,Pm_Region,Northern%20Ireland,page16_Northern Ireland
Migration_PerformanceReports_ClickC/Feedback,Pm_Region,Northern%20Ireland,page17_Northern Ireland
Migration_PerformanceReports_ClickC/Coverpage,Pm_Region,Orbish,page01_Orbish
Migration_PerformanceReports_ClickC/Highlights,Pm_Region,Orbish,page02_Orbish
Migration_PerformanceReports_ClickC/STIactivity,Pm_Region,Orbish,page03_Orbish
Migration_PerformanceReports_ClickC/STIoffline,Pm_Region,Orbish,page04_Orbish
Migration_PerformanceReports_ClickC/STILSOA,Pm_Region,Orbish,page05_Orbish
Migration_PerformanceReports_ClickC/STIresults,Pm_Region,Orbish,page06_Orbish
Migration_PerformanceReports_ClickC/STIresultTOTs,Pm_Region,Orbish,page07_Orbish
Migration_PerformanceReports_ClickC/STIdiagnosisCTGC,Pm_Region,Orbish,page08_Orbish
Migration_PerformanceReports_ClickC/STIdiagnosisHIVSyp,Pm_Region,Orbish,page09_Orbish
Migration_PerformanceReports_ClickC/STIrisksafeguarding,Pm_Region,Orbish,page10_Orbish
Migration_PerformanceReports_ClickC/STIDemographics1,Pm_Region,Orbish,page11_Orbish
Migration_PerformanceReports_ClickC/STIDemographics2,Pm_Region,Orbish,page12_Orbish
Migration_PerformanceReports_ClickC/ContraceptionPD,Pm_Region,Orbish,page13_Orbish
Migration_PerformanceReports_ClickC/POP,Pm_Region,Orbish,page14_Orbish
Migration_PerformanceReports_ClickC/COCPOPmap,Pm_Region,Orbish,page15_Orbish
Migration_PerformanceReports_ClickC/EC,Pm_Region,Orbish,page16_Orbish
Migration_PerformanceReports_ClickC/ECdelivered,Pm_Region,Orbish,page17_Orbish
Migration_PerformanceReports_ClickC/Feedback,Pm_Region,Orbish,page18_Orbish
Migration_PerformanceReports_ClickC/DistrictOrbishTeesside,Pm_Region,Orbish,page19_Orbish
Migration_PerformanceReports_ClickC/Coverpage,Pm_Region,Rotherham,page01_Rotherham
Migration_PerformanceReports_ClickC/Highlights,Pm_Region,Rotherham,page02_Rotherham
Migration_PerformanceReports_ClickC/STIactivity,Pm_Region,Rotherham,page03_Rotherham
Migration_PerformanceReports_ClickC/STILSOA,Pm_Region,Rotherham,page04_Rotherham
Migration_PerformanceReports_ClickC/STIresults,Pm_Region,Rotherham,page05_Rotherham
Migration_PerformanceReports_ClickC/STIresultTOTs,Pm_Region,Rotherham,page06_Rotherham
Migration_PerformanceReports_ClickC/STIdiagnosisCTGC,Pm_Region,Rotherham,page07_Rotherham
Migration_PerformanceReports_ClickC/STIdiagnosisHIVSyp,Pm_Region,Rotherham,page08_Rotherham
Migration_PerformanceReports_ClickC/STIrisksafeguarding,Pm_Region,Rotherham,page09_Rotherham
Migration_PerformanceReports_ClickC/STIDemographics1,Pm_Region,Rotherham,page10_Rotherham
Migration_PerformanceReports_ClickC/STIDemographics2,Pm_Region,Rotherham,page11_Rotherham
Migration_PerformanceReports_ClickC/ContraceptionPD,Pm_Region,Rotherham,page12_Rotherham
Migration_PerformanceReports_ClickC/COC,Pm_Region,Rotherham,page13_Rotherham
Migration_PerformanceReports_ClickC/POP,Pm_Region,Rotherham,page14_Rotherham
Migration_PerformanceReports_ClickC/COCPOPmap,Pm_Region,Rotherham,page15_Rotherham
Migration_PerformanceReports_ClickC/EC,Pm_Region,Rotherham,page16_Rotherham
Migration_PerformanceReports_ClickC/Feedback,Pm_Region,Rotherham,page17_Rotherham
Migration_PerformanceReports_ClickC/Coverpage,Pm_Region,Rutland,page01_Rutland
Migration_PerformanceReports_ClickC/Highlights,Pm_Region,Rutland,page02_Rutland
Migration_PerformanceReports_ClickC/STIactivity,Pm_Region,Rutland,page03_Rutland
Migration_PerformanceReports_ClickC/STIoffline,Pm_Region,Rutland,page04_Rutland
Migration_PerformanceReports_ClickC/STILSOA,Pm_Region,Rutland,page05_Rutland
Migration_PerformanceReports_ClickC/STIresults,Pm_Region,Rutland,page06_Rutland
Migration_PerformanceReports_ClickC/STIresultTOTs,Pm_Region,Rutland,page07_Rutland
Migration_PerformanceReports_ClickC/STIdiagnosisCTGC,Pm_Region,Rutland,page08_Rutland
Migration_PerformanceReports_ClickC/STIdiagnosisHIVSyp,Pm_Region,Rutland,page09_Rutland
Migration_PerformanceReports_ClickC/STIrisksafeguarding,Pm_Region,Rutland,page10_Rutland
Migration_PerformanceReports_ClickC/STIDemographics1,Pm_Region,Rutland,page11_Rutland
Migration_PerformanceReports_ClickC/STIDemographics2,Pm_Region,Rutland,page12_Rutland
Migration_PerformanceReports_ClickC/ContraceptionPD,Pm_Region,Rutland,page13_Rutland
Migration_PerformanceReports_ClickC/COC,Pm_Region,Rutland,page14_Rutland
Migration_PerformanceReports_ClickC/POP,Pm_Region,Rutland,page15_Rutland
Migration_PerformanceReports_ClickC/COCPOPmap,Pm_Region,Rutland,page16_Rutland
Migration_PerformanceReports_ClickC/EC,Pm_Region,Rutland,page17_Rutland
Migration_PerformanceReports_ClickC/ECdelivered,Pm_Region,Rutland,page18_Rutland
Migration_PerformanceReports_ClickC/Feedback,Pm_Region,Rutland,page19_Rutland
Migration_PerformanceReports_ClickC/Coverpage,Pm_Region,Southend,page01_Southend
Migration_PerformanceReports_ClickC/Highlights,Pm_Region,Southend,page02_Southend
Migration_PerformanceReports_ClickC/STIactivity,Pm_Region,Southend,page03_Southend
Migration_PerformanceReports_ClickC/STILSOA,Pm_Region,Southend,page04_Southend
Migration_PerformanceReports_ClickC/STIresults,Pm_Region,Southend,page05_Southend
Migration_PerformanceReports_ClickC/STIresultTOTs,Pm_Region,Southend,page06_Southend
Migration_PerformanceReports_ClickC/STIdiagnosisCTGC,Pm_Region,Southend,page07_Southend
Migration_PerformanceReports_ClickC/STIdiagnosisHIVSyp,Pm_Region,Southend,page08_Southend
Migration_PerformanceReports_ClickC/STIrisksafeguarding,Pm_Region,Southend,page09_Southend
Migration_PerformanceReports_ClickC/STIDemographics1,Pm_Region,Southend,page10_Southend
Migration_PerformanceReports_ClickC/STIDemographics2,Pm_Region,Southend,page11_Southend
Migration_PerformanceReports_ClickC/ContraceptionPD,Pm_Region,Southend,page12_Southend
Migration_PerformanceReports_ClickC/COC,Pm_Region,Southend,page13_Southend
Migration_PerformanceReports_ClickC/POP,Pm_Region,Southend,page14_Southend
Migration_PerformanceReports_ClickC/COCPOPmap,Pm_Region,Southend,page15_Southend
Migration_PerformanceReports_ClickC/EC,Pm_Region,Southend,page16_Southend
Migration_PerformanceReports_ClickC/ECdelivered,Pm_Region,Southend,page17_Southend
Migration_PerformanceReports_ClickC/Feedback,Pm_Region,Southend,page18_Southend
Migration_PerformanceReports_ClickC/Coverpage,Pm_Region,Staffordshire,page01_Staffordshire
Migration_PerformanceReports_ClickC/Highlights,Pm_Region,Staffordshire,page02_Staffordshire
Migration_PerformanceReports_ClickC/STIactivity,Pm_Region,Staffordshire,page03_Staffordshire
Migration_PerformanceReports_ClickC/STIoffline,Pm_Region,Staffordshire,page04_Staffordshire
Migration_PerformanceReports_ClickC/STILSOA,Pm_Region,Staffordshire,page05_Staffordshire
Migration_PerformanceReports_ClickC/STIDistrict,Pm_Region,Staffordshire,page06_Staffordshire
Migration_PerformanceReports_ClickC/STIresults,Pm_Region,Staffordshire,page07_Staffordshire
Migration_PerformanceReports_ClickC/STIresultTOTs,Pm_Region,Staffordshire,page08_Staffordshire
Migration_PerformanceReports_ClickC/STIdiagnosisCTGC,Pm_Region,Staffordshire,page09_Staffordshire
Migration_PerformanceReports_ClickC/STIdiagnosisHIVSyp,Pm_Region,Staffordshire,page10_Staffordshire
Migration_PerformanceReports_ClickC/STIrisksafeguarding,Pm_Region,Staffordshire,page11_Staffordshire
Migration_PerformanceReports_ClickC/STIDemographics1,Pm_Region,Staffordshire,page12_Staffordshire
Migration_PerformanceReports_ClickC/STIDemographics2,Pm_Region,Staffordshire,page13_Staffordshire
Migration_PerformanceReports_ClickC/Feedback,Pm_Region,Staffordshire,page14_Staffordshire
Migration_PerformanceReports_ClickC/Coverpage,Pm_Region,Stockport,page01_Stockport
Migration_PerformanceReports_ClickC/Highlights,Pm_Region,Stockport,page02_Stockport
Migration_PerformanceReports_ClickC/STIactivity,Pm_Region,Stockport,page03_Stockport
Migration_PerformanceReports_ClickC/STILSOA,Pm_Region,Stockport,page04_Stockport
Migration_PerformanceReports_ClickC/STIresults,Pm_Region,Stockport,page05_Stockport
Migration_PerformanceReports_ClickC/STIresultTOTs,Pm_Region,Stockport,page06_Stockport
Migration_PerformanceReports_ClickC/STIdiagnosisCTGC,Pm_Region,Stockport,page07_Stockport
Migration_PerformanceReports_ClickC/STIdiagnosisHIVSyp,Pm_Region,Stockport,page08_Stockport
Migration_PerformanceReports_ClickC/STIrisksafeguarding,Pm_Region,Stockport,page09_Stockport
Migration_PerformanceReports_ClickC/STIDemographics1,Pm_Region,Stockport,page10_Stockport
Migration_PerformanceReports_ClickC/STIDemographics2,Pm_Region,Stockport,page11_Stockport
Migration_PerformanceReports_ClickC/Feedback,Pm_Region,Stockport,page12_Stockport
Migration_PerformanceReports_ClickC/Coverpage,Pm_Region,Stoke,page01_Stoke
Migration_PerformanceReports_ClickC/Highlights,Pm_Region,Stoke,page02_Stoke
Migration_PerformanceReports_ClickC/STIactivity,Pm_Region,Stoke,page03_Stoke
Migration_PerformanceReports_ClickC/STILSOA,Pm_Region,Stoke,page04_Stoke
Migration_PerformanceReports_ClickC/STIresults,Pm_Region,Stoke,page05_Stoke
Migration_PerformanceReports_ClickC/STIresultTOTs,Pm_Region,Stoke,page06_Stoke
Migration_PerformanceReports_ClickC/STIdiagnosisCTGC,Pm_Region,Stoke,page07_Stoke
Migration_PerformanceReports_ClickC/STIdiagnosisHIVSyp,Pm_Region,Stoke,page08_Stoke
Migration_PerformanceReports_ClickC/STIrisksafeguarding,Pm_Region,Stoke,page09_Stoke
Migration_PerformanceReports_ClickC/STIDemographics1,Pm_Region,Stoke,page10_Stoke
Migration_PerformanceReports_ClickC/STIDemographics2,Pm_Region,Stoke,page11_Stoke
Migration_PerformanceReports_ClickC/Feedback,Pm_Region,Stoke,page12_Stoke
Migration_PerformanceReports_ClickC/Coverpage,Pm_Region,Tameside,page01_Tameside
Migration_PerformanceReports_ClickC/Highlights,Pm_Region,Tameside,page02_Tameside
Migration_PerformanceReports_ClickC/STIactivity,Pm_Region,Tameside,page03_Tameside
Migration_PerformanceReports_ClickC/STILSOA,Pm_Region,Tameside,page04_Tameside
Migration_PerformanceReports_ClickC/STIresults,Pm_Region,Tameside,page05_Tameside
Migration_PerformanceReports_ClickC/STIresultTOTs,Pm_Region,Tameside,page06_Tameside
Migration_PerformanceReports_ClickC/STIdiagnosisCTGC,Pm_Region,Tameside,page07_Tameside
Migration_PerformanceReports_ClickC/STIdiagnosisHIVSyp,Pm_Region,Tameside,page08_Tameside
Migration_PerformanceReports_ClickC/STIrisksafeguarding,Pm_Region,Tameside,page09_Tameside
Migration_PerformanceReports_ClickC/STIDemographics1,Pm_Region,Tameside,page10_Tameside
Migration_PerformanceReports_ClickC/STIDemographics2,Pm_Region,Tameside,page11_Tameside
Migration_PerformanceReports_ClickC/Feedback,Pm_Region,Tameside,page12_Tameside
Migration_PerformanceReports_ClickC/Coverpage,Pm_Region,Teesside,page01_Teesside
Migration_PerformanceReports_ClickC/Highlights,Pm_Region,Teesside,page02_Teesside
Migration_PerformanceReports_ClickC/STIactivity,Pm_Region,Teesside,page03_Teesside
Migration_PerformanceReports_ClickC/STIoffline,Pm_Region,Teesside,page04_Teesside
Migration_PerformanceReports_ClickC/STILSOA,Pm_Region,Teesside,page05_Teesside
Migration_PerformanceReports_ClickC/STIresults,Pm_Region,Teesside,page06_Teesside
Migration_PerformanceReports_ClickC/STIresultTOTs,Pm_Region,Teesside,page07_Teesside
Migration_PerformanceReports_ClickC/STIdiagnosisCTGC,Pm_Region,Teesside,page08_Teesside
Migration_PerformanceReports_ClickC/STIdiagnosisHIVSyp,Pm_Region,Teesside,page09_Teesside
Migration_PerformanceReports_ClickC/STIrisksafeguarding,Pm_Region,Teesside,page10_Teesside
Migration_PerformanceReports_ClickC/STIDemographics1,Pm_Region,Teesside,page11_Teesside
Migration_PerformanceReports_ClickC/STIDemographics2,Pm_Region,Teesside,page12_Teesside
Migration_PerformanceReports_ClickC/ContraceptionPD,Pm_Region,Teesside,page13_Teesside
Migration_PerformanceReports_ClickC/POP,Pm_Region,Teesside,page14_Teesside
Migration_PerformanceReports_ClickC/COCPOPmap,Pm_Region,Teesside,page15_Teesside
Migration_PerformanceReports_ClickC/EC,Pm_Region,Teesside,page16_Teesside
Migration_PerformanceReports_ClickC/ECdelivered,Pm_Region,Teesside,page17_Teesside
Migration_PerformanceReports_ClickC/Feedback,Pm_Region,Teesside,page18_Teesside
Migration_PerformanceReports_ClickC/Coverpage,Pm_Region,Telford%20and%20Wrekin,page01_Telford and Wrekin
Migration_PerformanceReports_ClickC/Highlights,Pm_Region,Telford%20and%20Wrekin,page02_Telford and Wrekin
Migration_PerformanceReports_ClickC/STIactivity,Pm_Region,Telford%20and%20Wrekin,page03_Telford and Wrekin
Migration_PerformanceReports_ClickC/STIoffline,Pm_Region,Telford%20and%20Wrekin,page04_Telford and Wrekin
Migration_PerformanceReports_ClickC/STILSOA,Pm_Region,Telford%20and%20Wrekin,page05_Telford and Wrekin
Migration_PerformanceReports_ClickC/STIresults,Pm_Region,Telford%20and%20Wrekin,page06_Telford and Wrekin
Migration_PerformanceReports_ClickC/STIresultTOTs,Pm_Region,Telford%20and%20Wrekin,page07_Telford and Wrekin
Migration_PerformanceReports_ClickC/STIdiagnosisCTGC,Pm_Region,Telford%20and%20Wrekin,page08_Telford and Wrekin
Migration_PerformanceReports_ClickC/STIdiagnosisHIVSyp,Pm_Region,Telford%20and%20Wrekin,page09_Telford and Wrekin
Migration_PerformanceReports_ClickC/STIrisksafeguarding,Pm_Region,Telford%20and%20Wrekin,page10_Telford and Wrekin
Migration_PerformanceReports_ClickC/STIDemographics1,Pm_Region,Telford%20and%20Wrekin,page11_Telford and Wrekin
Migration_PerformanceReports_ClickC/STIDemographics2,Pm_Region,Telford%20and%20Wrekin,page12_Telford and Wrekin
Migration_PerformanceReports_ClickC/Feedback,Pm_Region,Telford%20and%20Wrekin,page13_Telford and Wrekin
Migration_PerformanceReports_ClickC/Coverpage,Pm_Region,Thurrock,page01_Thurrock
Migration_PerformanceReports_ClickC/Highlights,Pm_Region,Thurrock,page02_Thurrock
Migration_PerformanceReports_ClickC/STIactivity,Pm_Region,Thurrock,page03_Thurrock
Migration_PerformanceReports_ClickC/STILSOA,Pm_Region,Thurrock,page04_Thurrock
Migration_PerformanceReports_ClickC/STIresults,Pm_Region,Thurrock,page05_Thurrock
Migration_PerformanceReports_ClickC/STIresultTOTs,Pm_Region,Thurrock,page06_Thurrock
Migration_PerformanceReports_ClickC/STIdiagnosisCTGC,Pm_Region,Thurrock,page07_Thurrock
Migration_PerformanceReports_ClickC/STIdiagnosisHIVSyp,Pm_Region,Thurrock,page08_Thurrock
Migration_PerformanceReports_ClickC/STIrisksafeguarding,Pm_Region,Thurrock,page09_Thurrock
Migration_PerformanceReports_ClickC/STIDemographics1,Pm_Region,Thurrock,page10_Thurrock
Migration_PerformanceReports_ClickC/STIDemographics2,Pm_Region,Thurrock,page11_Thurrock
Migration_PerformanceReports_ClickC/ContraceptionPD,Pm_Region,Thurrock,page12_Thurrock
Migration_PerformanceReports_ClickC/Feedback,Pm_Region,Thurrock,page13_Thurrock
Migration_PerformanceReports_ClickC/Coverpage,Pm_Region,Trafford,page01_Trafford
Migration_PerformanceReports_ClickC/Highlights,Pm_Region,Trafford,page02_Trafford
Migration_PerformanceReports_ClickC/STIactivity,Pm_Region,Trafford,page03_Trafford
Migration_PerformanceReports_ClickC/STILSOA,Pm_Region,Trafford,page04_Trafford
Migration_PerformanceReports_ClickC/STIresults,Pm_Region,Trafford,page05_Trafford
Migration_PerformanceReports_ClickC/STIresultTOTs,Pm_Region,Trafford,page06_Trafford
Migration_PerformanceReports_ClickC/STIdiagnosisCTGC,Pm_Region,Trafford,page07_Trafford
Migration_PerformanceReports_ClickC/STIrisksafeguarding,Pm_Region,Trafford,page08_Trafford
Migration_PerformanceReports_ClickC/STIDemographics1,Pm_Region,Trafford,page09_Trafford
Migration_PerformanceReports_ClickC/STIDemographics2,Pm_Region,Trafford,page10_Trafford
Migration_PerformanceReports_ClickC/Feedback,Pm_Region,Trafford,page11_Trafford
Migration_PerformanceReports_ClickC/Coverpage,Pm_Region,Trafford%20NCSP,page01_Trafford NCSP
Migration_PerformanceReports_ClickC/Highlights,Pm_Region,Trafford%20NCSP,page02_Trafford NCSP
Migration_PerformanceReports_ClickC/STIactivity,Pm_Region,Trafford%20NCSP,page03_Trafford NCSP
Migration_PerformanceReports_ClickC/STILSOA,Pm_Region,Trafford%20NCSP,page04_Trafford NCSP
Migration_PerformanceReports_ClickC/STIresults,Pm_Region,Trafford%20NCSP,page05_Trafford NCSP
Migration_PerformanceReports_ClickC/STIresultTOTs,Pm_Region,Trafford%20NCSP,page06_Trafford NCSP
Migration_PerformanceReports_ClickC/STIdiagnosisCTGC,Pm_Region,Trafford%20NCSP,page07_Trafford NCSP
Migration_PerformanceReports_ClickC/STIrisksafeguarding,Pm_Region,Trafford%20NCSP,page08_Trafford NCSP
Migration_PerformanceReports_ClickC/STIDemographics1,Pm_Region,Trafford%20NCSP,page09_Trafford NCSP
Migration_PerformanceReports_ClickC/STIDemographics2,Pm_Region,Trafford%20NCSP,page10_Trafford NCSP
Migration_PerformanceReports_ClickC/Feedback,Pm_Region,Trafford%20NCSP,page11_Trafford NCSP
Migration_PerformanceReports_ClickC/Coverpage,Pm_Region,Worcestershire,page01_Worcestershire
Migration_PerformanceReports_ClickC/Highlights,Pm_Region,Worcestershire,page02_Worcestershire
Migration_PerformanceReports_ClickC/STIactivity,Pm_Region,Worcestershire,page03_Worcestershire
Migration_PerformanceReports_ClickC/STIoffline,Pm_Region,Worcestershire,page04_Worcestershire
Migration_PerformanceReports_ClickC/STILSOA,Pm_Region,Worcestershire,page05_Worcestershire
Migration_PerformanceReports_ClickC/STIDistrict,Pm_Region,Worcestershire,page06_Worcestershire
Migration_PerformanceReports_ClickC/STIresults,Pm_Region,Worcestershire,page07_Worcestershire
Migration_PerformanceReports_ClickC/STIresultTOTs,Pm_Region,Worcestershire,page08_Worcestershire
Migration_PerformanceReports_ClickC/STIdiagnosisCTGC,Pm_Region,Worcestershire,page09_Worcestershire
Migration_PerformanceReports_ClickC/STIdiagnosisHIVSyp,Pm_Region,Worcestershire,page10_Worcestershire
Migration_PerformanceReports_ClickC/STIrisksafeguarding,Pm_Region,Worcestershire,page11_Worcestershire
Migration_PerformanceReports_ClickC/STIDemographics1,Pm_Region,Worcestershire,page12_Worcestershire
Migration_PerformanceReports_ClickC/STIDemographics2,Pm_Region,Worcestershire,page13_Worcestershire
Migration_PerformanceReports_ClickC/Feedback,Pm_Region,Worcestershire,page14_Worcestershire
Migration_PerformanceReports_ClickC/Coverpage,Pm_Region,Windsor%20and%20Maidenhead,page01_Windsor and Maidenhead
Migration_PerformanceReports_ClickC/Highlights,Pm_Region,Windsor%20and%20Maidenhead,page02_Windsor and Maidenhead
Migration_PerformanceReports_ClickC/STIactivity,Pm_Region,Windsor%20and%20Maidenhead,page03_Windsor and Maidenhead
Migration_PerformanceReports_ClickC/STILSOA,Pm_Region,Windsor%20and%20Maidenhead,page04_Windsor and Maidenhead
Migration_PerformanceReports_ClickC/STIresults,Pm_Region,Windsor%20and%20Maidenhead,page05_Windsor and Maidenhead
Migration_PerformanceReports_ClickC/STIresultTOTs,Pm_Region,Windsor%20and%20Maidenhead,page06_Windsor and Maidenhead
Migration_PerformanceReports_ClickC/STIdiagnosisCTGC,Pm_Region,Windsor%20and%20Maidenhead,page07_Windsor and Maidenhead
Migration_PerformanceReports_ClickC/STIdiagnosisHIVSyp,Pm_Region,Windsor%20and%20Maidenhead,page08_Windsor and Maidenhead
Migration_PerformanceReports_ClickC/STIrisksafeguarding,Pm_Region,Windsor%20and%20Maidenhead,page09_Windsor and Maidenhead
Migration_PerformanceReports_ClickC/STIDemographics1,Pm_Region,Windsor%20and%20Maidenhead,page10_Windsor and Maidenhead
Migration_PerformanceReports_ClickC/STIDemographics2,Pm_Region,Windsor%20and%20Maidenhead,page11_Windsor and Maidenhead
Migration_PerformanceReports_ClickC/Feedback,Pm_Region,Windsor%20and%20Maidenhead,page12_Windsor and Maidenhead
Migration_PerformanceReports_ClickC/Coverpage,Pm_Region,Slough,page01_Slough
Migration_PerformanceReports_ClickC/Highlights,Pm_Region,Slough,page02_Slough
Migration_PerformanceReports_ClickC/STIactivity,Pm_Region,Slough,page03_Slough
Migration_PerformanceReports_ClickC/STILSOA,Pm_Region,Slough,page04_Slough
Migration_PerformanceReports_ClickC/STIresults,Pm_Region,Slough,page05_Slough
Migration_PerformanceReports_ClickC/STIresultTOTs,Pm_Region,Slough,page06_Slough
Migration_PerformanceReports_ClickC/STIdiagnosisCTGC,Pm_Region,Slough,page07_Slough
Migration_PerformanceReports_ClickC/STIdiagnosisHIVSyp,Pm_Region,Slough,page08_Slough
Migration_PerformanceReports_ClickC/STIrisksafeguarding,Pm_Region,Slough,page09_Slough
Migration_PerformanceReports_ClickC/STIDemographics1,Pm_Region,Slough,page10_Slough
Migration_PerformanceReports_ClickC/STIDemographics2,Pm_Region,Slough,page11_Slough
Migration_PerformanceReports_ClickC/Feedback,Pm_Region,Slough,page12_Slough
Migration_PerformanceReports_ClickC/Coverpage,Pm_Region,Hounslow,page01_Hounslow
Migration_PerformanceReports_ClickC/STIactivity,Pm_Region,Hounslow,page02_Hounslow
Migration_PerformanceReports_ClickC/STIoffline,Pm_Region,Hounslow,page03_Hounslow
Migration_PerformanceReports_ClickC/STIresults,Pm_Region,Hounslow,page04_Hounslow
Migration_PerformanceReports_ClickC/STIresultTOTs,Pm_Region,Hounslow,page05_Hounslow
Migration_PerformanceReports_ClickC/STIDemographics1,Pm_Region,Hounslow,page06_Hounslow
Migration_PerformanceReports_ClickC/STIDemographics2,Pm_Region,Hounslow,page07_Hounslow
Migration_PerformanceReports_ClickC/Coverpage,Pm_Region,Ireland,page01_Ireland
Migration_PerformanceReports_ClickC/IrelandKPIs,Pm_Region,Ireland,page02_Ireland
Migration_PerformanceReports_ClickC/STIoffline,Pm_Region,Ireland,page03_Ireland
Migration_PerformanceReports_ClickC/Coverpage,Pm_Region,Coventry,page01_Coventry
Migration_PerformanceReports_ClickC/Highlights,Pm_Region,Coventry,page02_Coventry
Migration_PerformanceReports_ClickC/STIactivity,Pm_Region,Coventry,page03_Coventry
Migration_PerformanceReports_ClickC/STIoffline,Pm_Region,Coventry,page04_Coventry
Migration_PerformanceReports_ClickC/STILSOA,Pm_Region,Coventry,page05_Coventry
Migration_PerformanceReports_ClickC/STIresults,Pm_Region,Coventry,page06_Coventry
Migration_PerformanceReports_ClickC/STIresultTOTs,Pm_Region,Coventry,page07_Coventry
Migration_PerformanceReports_ClickC/STIdiagnosisCTGC,Pm_Region,Coventry,page08_Coventry
Migration_PerformanceReports_ClickC/STIdiagnosisHIVSyp,Pm_Region,Coventry,page09_Coventry
Migration_PerformanceReports_ClickC/STIrisksafeguarding,Pm_Region,Coventry,page10_Coventry
Migration_PerformanceReports_ClickC/STIDemographics1,Pm_Region,Coventry,page11_Coventry
Migration_PerformanceReports_ClickC/STIDemographics2,Pm_Region,Coventry,page12_Coventry
Migration_PerformanceReports_ClickC/ContraceptionPD,Pm_Region,Coventry,page13_Coventry
Migration_PerformanceReports_ClickC/POP,Pm_Region,Coventry,page14_Coventry
Migration_PerformanceReports_ClickC/COCPOPmap,Pm_Region,Coventry,page15_Coventry
Migration_PerformanceReports_ClickC/EC,Pm_Region,Coventry,page16_Coventry
Migration_PerformanceReports_ClickC/ECdelivered,Pm_Region,Coventry,page17_Coventry
Migration_PerformanceReports_ClickC/Feedback,Pm_Region,Coventry,page18_Coventry
Migration_PerformanceReports_ClickC/Coverpage,Pm_Region,Warwickshire,page01_Warwickshire
Migration_PerformanceReports_ClickC/Highlights,Pm_Region,Warwickshire,page02_Warwickshire
Migration_PerformanceReports_ClickC/STIactivity,Pm_Region,Warwickshire,page03_Warwickshire
Migration_PerformanceReports_ClickC/STIoffline,Pm_Region,Warwickshire,page04_Warwickshire
Migration_PerformanceReports_ClickC/STILSOA,Pm_Region,Warwickshire,page05_Warwickshire
Migration_PerformanceReports_ClickC/STIresults,Pm_Region,Warwickshire,page06_Warwickshire
Migration_PerformanceReports_ClickC/STIresultTOTs,Pm_Region,Warwickshire,page07_Warwickshire
Migration_PerformanceReports_ClickC/STIdiagnosisCTGC,Pm_Region,Warwickshire,page08_Warwickshire
Migration_PerformanceReports_ClickC/STIdiagnosisHIVSyp,Pm_Region,Warwickshire,page09_Warwickshire
Migration_PerformanceReports_ClickC/STIrisksafeguarding,Pm_Region,Warwickshire,page10_Warwickshire
Migration_PerformanceReports_ClickC/STIDemographics1,Pm_Region,Warwickshire,page11_Warwickshire
Migration_PerformanceReports_ClickC/STIDemographics2,Pm_Region,Warwickshire,page12_Warwickshire
Migration_PerformanceReports_ClickC/ContraceptionPD,Pm_Region,Warwickshire,page13_Warwickshire
Migration_PerformanceReports_ClickC/POP,Pm_Region,Warwickshire,page14_Warwickshire
Migration_PerformanceReports_ClickC/COCPOPmap,Pm_Region,Warwickshire,page15_Warwickshire
Migration_PerformanceReports_ClickC/EC,Pm_Region,Warwickshire,page16_Warwickshire
Migration_PerformanceReports_ClickC/ECdelivered,Pm_Region,Warwickshire,page17_Warwickshire
Migration_PerformanceReports_ClickC/Feedback,Pm_Region,Warwickshire,page18_Warwickshire
Migration_PerformanceReports_ClickC/Coverpage,Pm_Region,Warrington,page01_Warrington
Migration_PerformanceReports_ClickC/Highlights,Pm_Region,Warrington,page02_Warrington
Migration_PerformanceReports_ClickC/STIactivity,Pm_Region,Warrington,page03_Warrington
Migration_PerformanceReports_ClickC/STILSOA,Pm_Region,Warrington,page04_Warrington
Migration_PerformanceReports_ClickC/STIresults,Pm_Region,Warrington,page05_Warrington
Migration_PerformanceReports_ClickC/STIresultTOTs,Pm_Region,Warrington,page06_Warrington
Migration_PerformanceReports_ClickC/STIdiagnosisCTGC,Pm_Region,Warrington,page07_Warrington
Migration_PerformanceReports_ClickC/STIdiagnosisHIVSyp,Pm_Region,Warrington,page08_Warrington
Migration_PerformanceReports_ClickC/STIrisksafeguarding,Pm_Region,Warrington,page09_Warrington
Migration_PerformanceReports_ClickC/STIDemographics1,Pm_Region,Warrington,page10_Warrington
Migration_PerformanceReports_ClickC/STIDemographics2,Pm_Region,Warrington,page11_Warrington
Migration_PerformanceReports_ClickC/ContraceptionPD,Pm_Region,Warrington,page12_Warrington
Migration_PerformanceReports_ClickC/COC,Pm_Region,Warrington,page13_Warrington
Migration_PerformanceReports_ClickC/POP,Pm_Region,Warrington,page14_Warrington
Migration_PerformanceReports_ClickC/COCPOPmap,Pm_Region,Warrington,page15_Warrington
Migration_PerformanceReports_ClickC/Feedback,Pm_Region,Warrington,page16_Warrington
Migration_PerformanceReports_ClickC/RoyalLiverpool,Pm_Region,Warrington,page17_Warrington
Migration_PerformanceReports_ClickC/Coverpage,Pm_Region,Wigan,page01_Wigan
Migration_PerformanceReports_ClickC/Highlights,Pm_Region,Wigan,page02_Wigan
Migration_PerformanceReports_ClickC/STIactivity,Pm_Region,Wigan,page03_Wigan
Migration_PerformanceReports_ClickC/STILSOA,Pm_Region,Wigan,page04_Wigan
Migration_PerformanceReports_ClickC/STIresults,Pm_Region,Wigan,page05_Wigan
Migration_PerformanceReports_ClickC/STIresultTOTs,Pm_Region,Wigan,page06_Wigan
Migration_PerformanceReports_ClickC/STIdiagnosisCTGC,Pm_Region,Wigan,page07_Wigan
Migration_PerformanceReports_ClickC/STIdiagnosisHIVSyp,Pm_Region,Wigan,page08_Wigan
Migration_PerformanceReports_ClickC/STIrisksafeguarding,Pm_Region,Wigan,page09_Wigan
Migration_PerformanceReports_ClickC/STIDemographics1,Pm_Region,Wigan,page10_Wigan
Migration_PerformanceReports_ClickC/STIDemographics2,Pm_Region,Wigan,page11_Wigan
Migration_PerformanceReports_ClickC/Feedback,Pm_Region,Wigan,page12_Wigan
Migration_PerformanceReports_ClickC/Coverpage,Pm_Region,Cheshire%20West%20and%20Chester,page01_Cheshire West and Chester
Migration_PerformanceReports_ClickC/Highlights,Pm_Region,Cheshire%20West%20and%20Chester,page02_Cheshire West and Chester
Migration_PerformanceReports_ClickC/STIactivity,Pm_Region,Cheshire%20West%20and%20Chester,page03_Cheshire West and Chester
Migration_PerformanceReports_ClickC/STIoffline,Pm_Region,Cheshire%20West%20and%20Chester,page04_Cheshire West and Chester
Migration_PerformanceReports_ClickC/STILSOA,Pm_Region,Cheshire%20West%20and%20Chester,page05_Cheshire West and Chester
Migration_PerformanceReports_ClickC/STIresults,Pm_Region,Cheshire%20West%20and%20Chester,page06_Cheshire West and Chester
Migration_PerformanceReports_ClickC/STIresultTOTs,Pm_Region,Cheshire%20West%20and%20Chester,page07_Cheshire West and Chester
Migration_PerformanceReports_ClickC/STIdiagnosisCTGC,Pm_Region,Cheshire%20West%20and%20Chester,page08_Cheshire West and Chester
Migration_PerformanceReports_ClickC/STIdiagnosisHIVSyp,Pm_Region,Cheshire%20West%20and%20Chester,page09_Cheshire West and Chester
Migration_PerformanceReports_ClickC/STIrisksafeguarding,Pm_Region,Cheshire%20West%20and%20Chester,page10_Cheshire West and Chester
Migration_PerformanceReports_ClickC/STIDemographics1,Pm_Region,Cheshire%20West%20and%20Chester,page11_Cheshire West and Chester
Migration_PerformanceReports_ClickC/STIDemographics2,Pm_Region,Cheshire%20West%20and%20Chester,page12_Cheshire West and Chester
Migration_PerformanceReports_ClickC/ContraceptionPD,Pm_Region,Cheshire%20West%20and%20Chester,page13_Cheshire West and Chester
Migration_PerformanceReports_ClickC/POP,Pm_Region,Cheshire%20West%20and%20Chester,page14_Cheshire West and Chester
Migration_PerformanceReports_ClickC/COCPOPmap,Pm_Region,Cheshire%20West%20and%20Chester,page15_Cheshire West and Chester
Migration_PerformanceReports_ClickC/Feedback,Pm_Region,Cheshire%20West%20and%20Chester,page16_Cheshire West and Chester
Migration_PerformanceReports_ClickC/Coverpage,Pm_Region,Bristol,page01_Bristol
Migration_PerformanceReports_ClickC/Highlights,Pm_Region,Bristol,page02_Bristol
Migration_PerformanceReports_ClickC/STIactivity,Pm_Region,Bristol,page03_Bristol
Migration_PerformanceReports_ClickC/STIoffline,Pm_Region,Bristol,page04_Bristol
Migration_PerformanceReports_ClickC/STILSOA,Pm_Region,Bristol,page05_Bristol
Migration_PerformanceReports_ClickC/STIresults,Pm_Region,Bristol,page06_Bristol
Migration_PerformanceReports_ClickC/STIresultTOTs,Pm_Region,Bristol,page07_Bristol
Migration_PerformanceReports_ClickC/STIdiagnosisCTGC,Pm_Region,Bristol,page08_Bristol
Migration_PerformanceReports_ClickC/STIdiagnosisHIVSyp,Pm_Region,Bristol,page09_Bristol
Migration_PerformanceReports_ClickC/STIrisksafeguarding,Pm_Region,Bristol,page10_Bristol
Migration_PerformanceReports_ClickC/STIDemographics1,Pm_Region,Bristol,page11_Bristol
Migration_PerformanceReports_ClickC/STIDemographics2,Pm_Region,Bristol,page12_Bristol
Migration_PerformanceReports_ClickC/ContraceptionPD,Pm_Region,Bristol,page13_Bristol
Migration_PerformanceReports_ClickC/COC,Pm_Region,Bristol,page14_Bristol
Migration_PerformanceReports_ClickC/POP,Pm_Region,Bristol,page15_Bristol
Migration_PerformanceReports_ClickC/COCPOPmap,Pm_Region,Bristol,page16_Bristol
Migration_PerformanceReports_ClickC/EC,Pm_Region,Bristol,page17_Bristol
Migration_PerformanceReports_ClickC/ECdelivered,Pm_Region,Bristol,page18_Bristol
Migration_PerformanceReports_ClickC/Feedback,Pm_Region,Bristol,page19_Bristol
Migration_PerformanceReports_ClickC/Coverpage,Pm_Region,Bath%20and%20North%20East%20Somerset,page01_Bath and North East Somerset
Migration_PerformanceReports_ClickC/Highlights,Pm_Region,Bath%20and%20North%20East%20Somerset,page02_Bath and North East Somerset
Migration_PerformanceReports_ClickC/STIactivity,Pm_Region,Bath%20and%20North%20East%20Somerset,page03_Bath and North East Somerset
Migration_PerformanceReports_ClickC/STIoffline,Pm_Region,Bath%20and%20North%20East%20Somerset,page04_Bath and North East Somerset
Migration_PerformanceReports_ClickC/STILSOA,Pm_Region,Bath%20and%20North%20East%20Somerset,page05_Bath and North East Somerset
Migration_PerformanceReports_ClickC/STIresults,Pm_Region,Bath%20and%20North%20East%20Somerset,page06_Bath and North East Somerset
Migration_PerformanceReports_ClickC/STIresultTOTs,Pm_Region,Bath%20and%20North%20East%20Somerset,page07_Bath and North East Somerset
Migration_PerformanceReports_ClickC/STIdiagnosisCTGC,Pm_Region,Bath%20and%20North%20East%20Somerset,page08_Bath and North East Somerset
Migration_PerformanceReports_ClickC/STIdiagnosisHIVSyp,Pm_Region,Bath%20and%20North%20East%20Somerset,page09_Bath and North East Somerset
Migration_PerformanceReports_ClickC/STIrisksafeguarding,Pm_Region,Bath%20and%20North%20East%20Somerset,page10_Bath and North East Somerset
Migration_PerformanceReports_ClickC/STIDemographics1,Pm_Region,Bath%20and%20North%20East%20Somerset,page11_Bath and North East Somerset
Migration_PerformanceReports_ClickC/STIDemographics2,Pm_Region,Bath%20and%20North%20East%20Somerset,page12_Bath and North East Somerset
Migration_PerformanceReports_ClickC/ContraceptionPD,Pm_Region,Bath%20and%20North%20East%20Somerset,page13_Bath and North East Somerset
Migration_PerformanceReports_ClickC/COC,Pm_Region,Bath%20and%20North%20East%20Somerset,page14_Bath and North East Somerset
Migration_PerformanceReports_ClickC/POP,Pm_Region,Bath%20and%20North%20East%20Somerset,page15_Bath and North East Somerset
Migration_PerformanceReports_ClickC/COCPOPmap,Pm_Region,Bath%20and%20North%20East%20Somerset,page16_Bath and North East Somerset
Migration_PerformanceReports_ClickC/EC,Pm_Region,Bath%20and%20North%20East%20Somerset,page17_Bath and North East Somerset
Migration_PerformanceReports_ClickC/ECdelivered,Pm_Region,Bath%20and%20North%20East%20Somerset,page18_Bath and North East Somerset
Migration_PerformanceReports_ClickC/Feedback,Pm_Region,Bath%20and%20North%20East%20Somerset,page19_Bath and North East Somerset
Migration_PerformanceReports_ClickC/Coverpage,Pm_Region,North%20Somerset,page01_North Somerset
Migration_PerformanceReports_ClickC/Highlights,Pm_Region,North%20Somerset,page02_North Somerset
Migration_PerformanceReports_ClickC/STIactivity,Pm_Region,North%20Somerset,page03_North Somerset
Migration_PerformanceReports_ClickC/STIoffline,Pm_Region,North%20Somerset,page04_North Somerset
Migration_PerformanceReports_ClickC/STILSOA,Pm_Region,North%20Somerset,page05_North Somerset
Migration_PerformanceReports_ClickC/STIresults,Pm_Region,North%20Somerset,page06_North Somerset
Migration_PerformanceReports_ClickC/STIresultTOTs,Pm_Region,North%20Somerset,page07_North Somerset
Migration_PerformanceReports_ClickC/STIdiagnosisCTGC,Pm_Region,North%20Somerset,page08_North Somerset
Migration_PerformanceReports_ClickC/STIdiagnosisHIVSyp,Pm_Region,North%20Somerset,page09_North Somerset
Migration_PerformanceReports_ClickC/STIrisksafeguarding,Pm_Region,North%20Somerset,page10_North Somerset
Migration_PerformanceReports_ClickC/STIDemographics1,Pm_Region,North%20Somerset,page11_North Somerset
Migration_PerformanceReports_ClickC/STIDemographics2,Pm_Region,North%20Somerset,page12_North Somerset
Migration_PerformanceReports_ClickC/ContraceptionPD,Pm_Region,North%20Somerset,page13_North Somerset
Migration_PerformanceReports_ClickC/COC,Pm_Region,North%20Somerset,page14_North Somerset
Migration_PerformanceReports_ClickC/POP,Pm_Region,North%20Somerset,page15_North Somerset
Migration_PerformanceReports_ClickC/COCPOPmap,Pm_Region,North%20Somerset,page16_North Somerset
Migration_PerformanceReports_ClickC/EC,Pm_Region,North%20Somerset,page17_North Somerset
Migration_PerformanceReports_ClickC/ECdelivered,Pm_Region,North%20Somerset,page18_North Somerset
Migration_PerformanceReports_ClickC/Feedback,Pm_Region,North%20Somerset,page19_North Somerset
Migration_PerformanceReports_ClickC/Coverpage,Pm_Region,South%20Gloucestershire,page01_South Gloucestershire
Migration_PerformanceReports_ClickC/Highlights,Pm_Region,South%20Gloucestershire,page02_South Gloucestershire
Migration_PerformanceReports_ClickC/STIactivity,Pm_Region,South%20Gloucestershire,page03_South Gloucestershire
Migration_PerformanceReports_ClickC/STIoffline,Pm_Region,South%20Gloucestershire,page04_South Gloucestershire
Migration_PerformanceReports_ClickC/STILSOA,Pm_Region,South%20Gloucestershire,page05_South Gloucestershire
Migration_PerformanceReports_ClickC/STIresults,Pm_Region,South%20Gloucestershire,page06_South Gloucestershire
Migration_PerformanceReports_ClickC/STIresultTOTs,Pm_Region,South%20Gloucestershire,page07_South Gloucestershire
Migration_PerformanceReports_ClickC/STIdiagnosisCTGC,Pm_Region,South%20Gloucestershire,page08_South Gloucestershire
Migration_PerformanceReports_ClickC/STIdiagnosisHIVSyp,Pm_Region,South%20Gloucestershire,page09_South Gloucestershire
Migration_PerformanceReports_ClickC/STIrisksafeguarding,Pm_Region,South%20Gloucestershire,page10_South Gloucestershire
Migration_PerformanceReports_ClickC/STIDemographics1,Pm_Region,South%20Gloucestershire,page11_South Gloucestershire
Migration_PerformanceReports_ClickC/STIDemographics2,Pm_Region,South%20Gloucestershire,page12_South Gloucestershire
Migration_PerformanceReports_ClickC/ContraceptionPD,Pm_Region,South%20Gloucestershire,page13_South Gloucestershire
Migration_PerformanceReports_ClickC/COC,Pm_Region,South%20Gloucestershire,page14_South Gloucestershire
Migration_PerformanceReports_ClickC/POP,Pm_Region,South%20Gloucestershire,page15_South Gloucestershire
Migration_PerformanceReports_ClickC/COCPOPmap,Pm_Region,South%20Gloucestershire,page16_South Gloucestershire
Migration_PerformanceReports_ClickC/EC,Pm_Region,South%20Gloucestershire,page17_South Gloucestershire
Migration_PerformanceReports_ClickC/ECdelivered,Pm_Region,South%20Gloucestershire,page18_South Gloucestershire
Migration_PerformanceReports_ClickC/Feedback,Pm_Region,South%20Gloucestershire,page19_South Gloucestershire
